日期,final盈亏,news门控盈亏,dual盈亏,macro降权门控盈亏,weather_v3代理盈亏,组合_v3盈亏,组合日收益_3M,dual保证金
2024-03-08,-3149.6690000000026,0.0,-3149.6690000000026,1382.3912400367444,4525.44920127035,2758.171441307092,0.0009193904804356974,71326.5
2024-03-11,-15.860999999996078,0.0,-15.860999999996078,-1112.6283227198096,872.9967704921501,-255.49255222765555,-8.516418407588519e-05,38844.7
2024-03-12,-149.39200000000238,0.0,-149.39200000000238,-713.8745937824654,949.2291838988001,85.96259011633242,2.865419670544414e-05,57816.4
2024-03-13,-1417.9080000000015,0.0,-1417.9080000000015,-13.714285714285715,4282.2793503406,2850.6570646263126,0.0009502190215421042,53011.0
2024-03-14,1339.0439999999976,0.0,1339.0439999999976,0.0,1786.1024890643,3125.1464890642974,0.0010417154963547658,66639.1
2024-03-15,2021.2399999999768,0.0,2021.2399999999768,0.0,285.3025444213,2306.542544421277,0.0007688475148070923,58856.00000000001
2024-03-18,-934.2999999999907,0.0,-934.2999999999907,0.0,-1345.7067769609498,-2280.0067769609404,-0.0007600022589869802,62406.4
2024-03-19,-165.10999999999228,0.0,-165.10999999999228,0.0,0.0,-165.10999999999228,-5.503666666666409e-05,69031.15
2024-03-20,-1417.794999999997,0.0,-1417.794999999997,6776.617717442609,297.79644817585,5656.619165618462,0.0018855397218728207,34141.0
2024-03-21,-4431.741,0.0,-4431.741,-2173.5125719360167,134.24021336705002,-6471.013358568966,-0.002157004452856322,89237.65
2024-03-22,50.98600000000535,0.0,50.98600000000535,726.1077568304951,373.6476746429,1150.7414314734003,0.0003835804771578001,20107.9
2024-03-25,379.7663999999992,0.0,379.7663999999992,534.4520581632406,1794.03670491795,2708.2551630811895,0.0009027517210270632,24160.1
2024-03-26,1054.6583999999982,0.0,1054.6583999999982,1532.6705167527516,1328.0945597175,3915.42347647025,0.0013051411588234168,34250.15
2024-03-27,239.66309999999743,0.0,239.66309999999743,2296.5517068251074,-232.00351542820002,2304.211291396905,0.000768070430465635,23803.3
2024-03-28,315.6652000000074,0.0,315.6652000000074,7732.814942892866,2489.537304554,10538.017447446873,0.003512672482482291,28765.5
2024-03-29,670.9085999999932,484.5352500000172,1155.4438500000103,1874.0370875798333,6225.6566692964,9255.137606876244,0.003085045868958748,107099.0
2024-04-01,-987.224000000002,2275.0000000000077,1287.7760000000053,561.855195306843,360.56278035445,2210.1939756612983,0.0007367313252204327,107669.5
2024-04-02,774.7657000000072,-1449.9999999999968,-675.2342999999896,4565.795841734952,-1133.445497466,2757.1160442689625,0.0009190386814229875,104878.0
2024-04-03,-142.21199999999203,-1799.999999999984,-1942.211999999976,9063.533175831053,-840.5098704366,6280.811305394477,0.0020936037684648255,152523.5
2024-04-08,1735.5809999999956,2574.999999999985,4310.580999999981,1450.9490471946992,-823.8300638568501,4937.69998333783,0.0016458999944459435,145468.5
2024-04-09,14028.839999999997,-2225.000000000004,11803.839999999993,1314.3113802925623,-3594.035019284,9524.116361008555,0.0031747054536695185,147129.25
2024-04-10,-19.172,0.0,-19.172,-1245.1726475570863,-1960.56173653355,-3224.9063840906365,-0.0010749687946968788,0.0
2024-04-11,0.0,0.0,0.0,5234.921234181663,-350.08968925325,4884.831544928413,0.0016282771816428043,0.0
2024-04-12,0.0,0.0,0.0,-2317.6471816490184,592.46990701855,-1725.1772746304684,-0.0005750590915434895,0.0
2024-04-15,0.0,0.0,0.0,1046.312131699181,665.2789450344501,1711.591076733631,0.0005705303589112104,0.0
2024-04-16,0.0,0.0,0.0,308.3272540581899,-610.0218867648,-301.6946327066101,-0.00010056487756887002,0.0
2024-04-17,0.0,0.0,0.0,-831.4837856846817,-4095.1653396618503,-4926.649125346532,-0.0016422163751155106,0.0
2024-04-18,0.0,0.0,0.0,978.1047595507015,2261.2983643050497,3239.4031238557513,0.0010798010412852504,0.0
2024-04-19,0.0,0.0,0.0,-3452.054838770868,-5785.6235918887,-9237.678430659567,-0.0030792261435531893,0.0
2024-04-22,0.0,0.0,0.0,-4685.333106270337,3251.84190564215,-1433.4912006281875,-0.00047783040020939584,0.0
2024-04-23,0.0,0.0,0.0,2174.74584895878,-194.00336306795,1980.7424858908298,0.0006602474952969433,0.0
2024-04-24,0.0,0.0,0.0,-41.14732724902497,1641.8146475808499,1600.6673203318248,0.0005335557734439416,0.0
2024-04-25,0.0,0.0,0.0,1434.5513339984823,-798.72476234635,635.8265716521323,0.00021194219055071077,0.0
2024-04-26,0.0,0.0,0.0,-1024.4601733687248,0.0,-1024.4601733687248,-0.0003414867244562416,0.0
2024-04-29,0.0,0.0,0.0,-583.7541929979348,548.57458880875,-35.179604189184715,-1.1726534729728239e-05,0.0
2024-04-30,0.0,0.0,0.0,-1169.3209951064825,-1144.28659793555,-2313.6075930420325,-0.0007712025310140108,0.0
2024-05-06,0.0,0.0,0.0,616.1350386990969,-700.9455707531499,-84.81053205405306,-2.8270177351351018e-05,0.0
2024-05-07,0.0,0.0,0.0,-398.13297296022546,1216.7687163487,818.6357433884746,0.00027287858112949153,0.0
2024-05-08,0.0,0.0,0.0,-260.75144230346086,-713.56838105765,-974.3198233611108,-0.0003247732744537036,0.0
2024-05-09,0.0,0.0,0.0,4525.803525934988,2001.6278478998001,6527.431373834788,0.0021758104579449296,0.0
2024-05-10,0.0,0.0,0.0,-1224.4456683352169,-2456.4006414189503,-3680.846309754167,-0.0012269487699180558,0.0
2024-05-13,0.0,0.0,0.0,-969.3015065278832,-1149.8004292687,-2119.1019357965833,-0.0007063673119321944,0.0
2024-05-14,0.0,0.0,0.0,1407.3707722131137,-133.2852694026,1274.0855028105136,0.00042469516760350453,0.0
2024-05-15,0.0,0.0,0.0,1849.3647910547434,-125.20822838975,1724.1565626649933,0.0005747188542216644,0.0
2024-05-16,0.0,0.0,0.0,219.30467630580222,-362.15441920635,-142.84974290054777,-4.7616580966849254e-05,0.0
2024-05-17,0.0,0.0,0.0,-6.857142857142858,416.45387500009997,409.59673214295714,0.00013653224404765237,0.0
2024-05-20,0.0,0.0,0.0,0.0,6861.7139259849,6861.7139259849,0.0022872379753283,0.0
2024-05-21,0.0,0.0,0.0,0.0,180.89041616955,180.89041616955,6.029680538985e-05,0.0
2024-05-22,0.0,0.0,0.0,0.0,-3867.29803584245,-3867.29803584245,-0.0012890993452808167,0.0
2024-05-23,0.0,0.0,0.0,0.0,2996.3404191664,2996.3404191664,0.0009987801397221333,0.0
2024-05-24,0.0,0.0,0.0,0.0,1657.3801498596,1657.3801498596,0.0005524600499532,0.0
2024-05-27,684.0000000000088,0.0,684.0000000000088,0.0,228.33258468649998,912.3325846865088,0.0003041108615621696,41467.15
2024-05-28,2589.585499999989,0.0,2589.585499999989,0.0,-1273.64068088585,1315.9448191141391,0.00043864827303804636,47410.5
2024-05-29,543.1645000000209,0.0,543.1645000000209,0.0,1014.9709485230501,1558.1354485230709,0.0005193784828410236,50341.5
2024-05-30,-4250.000000000002,0.0,-4250.000000000002,0.0,5135.73181598965,885.7318159896486,0.0002952439386632162,39490.4
2024-05-31,-4882.623000000006,0.0,-4882.623000000006,0.0,2045.6959587781498,-2836.927041221856,-0.000945642347073952,39760.25
2024-06-03,-122.42099999980044,0.0,-122.42099999980044,0.0,-312.8912772648,-435.3122772646004,-0.00014510409242153346,54088.5
2024-06-04,-1091.180999999996,0.0,-1091.180999999996,-1828.294870645744,-467.87328485425,-3387.3491554999896,-0.0011291163851666632,44421.25
2024-06-05,-729.7120000000002,0.0,-729.7120000000002,5730.393907465453,-827.4750945889999,4173.206812876452,0.001391068937625484,41509.25
2024-06-06,2678.7729999999983,0.0,2678.7729999999983,95.9880853880126,1451.6961171499,4226.457202537911,0.0014088190675126371,27001.4
2024-06-07,1081.7464999999995,0.0,1081.7464999999995,-12105.181447929102,104.34057367105,-10919.094374258053,-0.003639698124752684,44676.1
2024-06-11,-570.7730000000563,0.0,-570.7730000000563,2296.9484659627255,156.67434681165,1882.8498127743192,0.0006276166042581063,25708.6
2024-06-12,-1584.5939999999994,0.0,-1584.5939999999994,178.24359036445165,891.54982522255,-514.8005844129978,-0.00017160019480433257,19272.1
2024-06-13,-1790.8245000000009,0.0,-1790.8245000000009,-41.14510023830312,-839.28137369785,-2671.250973936154,-0.0008904169913120513,25088.5
2024-06-14,2269.49499999997,0.0,2269.49499999997,726.1579202494636,1578.3037966014501,4573.956716850884,0.0015246522389502947,84627.1
2024-06-17,4105.371999999957,0.0,4105.371999999957,534.4791313518325,1063.38369932525,5703.234830677039,0.0019010782768923463,84759.79999999999
2024-06-18,1359.9999999998563,0.0,1359.9999999998563,1505.5736144242899,1804.36987016205,4669.943484586196,0.0015566478281953987,84896.5
2024-06-19,-3383.350000000128,0.0,-3383.350000000128,3263.661841603181,-819.796238914,-939.4843973109471,-0.0003131614657703157,74149.2
2024-06-20,-2639.723999999987,0.0,-2639.723999999987,1655.8473227202683,-3649.46739177255,-4633.344069052268,-0.0015444480230174227,77211.0
2024-06-21,4854.307999999972,0.0,4854.307999999972,-5719.994353034146,1180.68042270875,314.9940696745757,0.00010499802322485857,100021.2
2024-06-24,2098.17599999993,0.0,2098.17599999993,685.0952609099063,-1305.7740137351,1477.4972471747362,0.0004924990823915788,89450.5
2024-06-25,-1856.1113999999936,0.0,-1856.1113999999936,-2600.8799535338862,1679.7001474897,-2777.2912060441804,-0.0009257637353480601,60069.25
2024-06-26,145.52500000000293,0.0,145.52500000000293,-2007.615675771767,5219.84340076775,3357.752724995986,0.0011192509083319954,29787.1
2024-06-27,229.2999999999343,0.0,229.2999999999343,4037.6386389772774,1302.52774607105,5569.466385048261,0.0018564887950160871,78573.75
2024-06-28,1019.1689999999912,0.0,1019.1689999999912,41.14062701654523,3223.26176045995,4283.571387476486,0.0014278571291588286,42132.0
2024-07-01,893.0000000000064,0.0,893.0000000000064,698.7873320561971,-2513.94046991065,-922.1531378544464,-0.0003073843792848155,36733.75
2024-07-02,-1298.8499999999874,0.0,-1298.8499999999874,2324.336906939956,400.5096776348,1425.9965845747686,0.0004753321948582562,62216.5
2024-07-03,127.99599999999626,0.0,127.99599999999626,1792.3819464307028,-489.38392167640006,1430.994024754299,0.00047699800825143303,94591.25
2024-07-04,948.3260000000056,0.0,948.3260000000056,958.8076081838445,-428.6760597556,1478.45754842825,0.0004928191828094166,42907.3
2024-07-05,-1247.7771000000034,0.0,-1247.7771000000034,794.6117552305436,2010.8298434586502,1557.6644986891904,0.0005192214995630635,39993.05
2024-07-08,495.2294999999992,0.0,495.2294999999992,-1428.9166174165716,1090.7204927101,157.03337529352757,5.234445843117586e-05,81301.25
2024-07-09,-639.3641999999943,0.0,-639.3641999999943,1683.1833053438563,870.2706845664001,1914.089789910262,0.0006380299299700873,31417.1
2024-07-10,1423.4099999999708,0.0,1423.4099999999708,1396.340412140363,1717.92496012585,4537.675372266183,0.0015125584574220612,44613.25
2024-07-11,363.4524999999988,0.0,363.4524999999988,2147.2092765207294,1302.28124235825,3812.9430188789784,0.0012709810062929928,22841.7
2024-07-12,1024.5000000000114,0.0,1024.5000000000114,-109.72966658102848,866.45418111245,1781.2245145314328,0.0005937415048438109,42022.95
2024-07-15,718.9999999998482,0.0,718.9999999998482,4323.453619244821,792.7439979086499,5835.19761715332,0.0019450658723844398,49848.45
2024-07-16,368.2257499999676,0.0,368.2257499999676,4513.5826424258985,-636.8973105081,4244.911081917766,0.0014149703606392552,79000.5
2024-07-17,-3268.699999999992,0.0,-3268.699999999992,-13.714285714285715,-1160.10113430905,-4442.515420023328,-0.0014808384733411095,90412.35
2024-07-18,-3056.999999999851,0.0,-3056.999999999851,0.0,694.7678840284,-2362.232115971451,-0.000787410705323817,85505.7
2024-07-19,4780.270749999974,0.0,4780.270749999974,0.0,-289.9560567146,4490.314693285374,0.001496771564428458,71737.0
2024-07-22,3210.000000000229,0.0,3210.000000000229,0.0,638.7934924123499,3848.7934924125793,0.0012829311641375264,71709.45
2024-07-23,373.523999999825,0.0,373.523999999825,0.0,-985.8552609488501,-612.3312609490251,-0.0002041104203163417,93202.55
2024-07-24,5032.70000000016,0.0,5032.70000000016,0.0,-461.2551359317,4571.4448640684595,0.0015238149546894866,85371.5
2024-07-25,2459.6999999999825,0.0,2459.6999999999825,1409.916573569835,1796.9240580179,5666.540631587718,0.001888846877195906,72908.9
2024-07-26,5360.318000000015,0.0,5360.318000000015,2705.8627538778655,996.4882784816501,9062.66903235953,0.0030208896774531766,55031.9
2024-07-29,6226.762000000139,0.0,6226.762000000139,561.8769072837216,826.64448646465,7615.28339374851,0.00253842779791617,68049.7
2024-07-30,-4199.800000000121,0.0,-4199.800000000121,2828.492299287375,-1939.8461254331,-3311.1538261458463,-0.0011037179420486155,73062.5
2024-07-31,2786.0000000001146,0.0,2786.0000000001146,3155.193121337385,761.1517962243,6702.344917561799,0.0022341149725206,65122.1
2024-08-01,-51.66800000011175,0.0,-51.66800000011175,1983.5558326630417,-219.9366132149,1711.9512194480299,0.0005706504064826766,68186.0
2024-08-02,2404.799999999973,-3631.5999999999913,-1226.8000000000184,-9760.791827420428,1558.34609564125,-9429.245731779196,-0.003143081910593065,149970.35
2024-08-05,-434.19999999994906,2899.9999999999936,2465.8000000000447,-4108.689930964817,3732.13951962425,2089.249588659478,0.0006964165295531593,161368.0
2024-08-06,2245.999999999611,775.0000000000273,3020.9999999996385,1300.6354586449143,-1491.4085790843,2830.226879560252,0.0009434089598534174,158485.55
2024-08-07,-1161.9999999999227,-550.0000000000168,-1711.9999999999395,-150.88690341000648,4685.1437598229,2822.256856412954,0.0009407522854709847,147820.6
2024-08-08,-1396.2999999999386,900.0000000000131,-496.2999999999255,3222.947756728334,-2991.47120401945,-264.8234472910417,-8.827448243034723e-05,139922.5
2024-08-09,-15397.300000000032,4649.99999999998,-10747.300000000052,-13.714285714285715,4766.9363130425,-5994.077972671838,-0.0019980259908906127,181774.0
2024-08-12,-14.343,0.0,-14.343,0.0,2975.9078082048,2961.5648082048,0.0009871882694016,0.0
2024-08-13,0.0,0.0,0.0,0.0,84.02198013935,84.02198013935,2.800732671311667e-05,0.0
2024-08-14,0.0,0.0,0.0,0.0,-73.650974699,-73.650974699,-2.4550324899666667e-05,0.0
2024-08-15,0.0,0.0,0.0,0.0,-623.0101675042499,-623.0101675042499,-0.00020767005583474999,0.0
2024-08-16,0.0,0.0,0.0,0.0,-792.1684231324999,-792.1684231324999,-0.0002640561410441666,0.0
2024-08-19,0.0,0.0,0.0,0.0,-301.0424890201,-301.0424890201,-0.00010034749634003333,0.0
2024-08-20,0.0,0.0,0.0,0.0,-2004.84854656465,-2004.84854656465,-0.0006682828488548833,0.0
2024-08-21,0.0,0.0,0.0,0.0,732.58393032225,732.58393032225,0.00024419464344075,0.0
2024-08-22,0.0,0.0,0.0,0.0,1763.33350684385,1763.33350684385,0.0005877778356146167,0.0
2024-08-23,0.0,0.0,0.0,0.0,-2848.6629203611,-2848.6629203611,-0.0009495543067870334,0.0
2024-08-26,0.0,0.0,0.0,0.0,-451.43574116565,-451.43574116565,-0.00015047858038855,0.0
2024-08-27,0.0,0.0,0.0,0.0,810.1003304937,810.1003304937,0.0002700334434979,0.0
2024-08-28,0.0,0.0,0.0,0.0,-1040.7595887406999,-1040.7595887406999,-0.0003469198629135666,0.0
2024-08-29,0.0,0.0,0.0,0.0,1522.6929623914,1522.6929623914,0.0005075643207971333,0.0
2024-08-30,0.0,0.0,0.0,0.0,2652.4558023411,2652.4558023411,0.0008841519341137,0.0
2024-09-02,0.0,0.0,0.0,0.0,166.6944274822,166.6944274822,5.5564809160733336e-05,0.0
2024-09-03,0.0,0.0,0.0,0.0,2426.4306030333,2426.4306030333,0.0008088102010111,0.0
2024-09-04,0.0,0.0,0.0,0.0,1542.632445012,1542.632445012,0.000514210815004,0.0
2024-09-05,0.0,0.0,0.0,0.0,49.56013688600636,49.56013688600636,1.6520045628668786e-05,0.0
2024-09-06,0.0,0.0,0.0,0.0,-714.8930099575,-714.8930099575,-0.00023829766998583333,0.0
2024-09-09,0.0,0.0,0.0,0.0,2850.8316246833,2850.8316246833,0.0009502772082277666,0.0
2024-09-10,0.0,0.0,0.0,0.0,2916.453156655,2916.453156655,0.0009721510522183333,0.0
2024-09-11,0.0,0.0,0.0,-301.93323906501325,968.07613044465,666.1428913796367,0.0002220476304598789,0.0
2024-09-12,0.0,0.0,0.0,2859.300901609983,1977.0264326597498,4836.327334269733,0.0016121091114232444,0.0
2024-09-13,0.0,0.0,0.0,-226.4129841002009,6182.6967695128005,5956.283785412599,0.0019854279284708663,0.0
2024-09-18,0.0,0.0,0.0,-315.6762169512783,2521.6429403587,2205.9667234074213,0.0007353222411358071,0.0
2024-09-19,0.0,0.0,0.0,2324.7744737952758,2739.6309851324,5064.405458927676,0.0016881351529758918,0.0
2024-09-20,-1159.0000000000616,3425.0000000000027,2265.999999999941,-13.714285714285715,1779.82484273585,4032.110557021505,0.0013440368523405016,112802.1
2024-09-23,-2910.499999999909,2175.984999999994,-734.5149999999148,0.0,-2770.9779719983,-3505.4929719982147,-0.0011684976573327383,104528.95
2024-09-24,1105.9999999999995,-574.9999999999964,531.0000000000032,0.0,606.3797769608001,1137.3797769608032,0.00037912659232026773,101296.85
2024-09-25,1062.800000000008,199.99999999999451,1262.800000000003,0.0,-1452.70658187135,-189.90658187134704,-6.330219395711568e-05,92955.85
2024-09-26,2795.315999999983,-62.49999999997726,2732.8160000000057,0.0,-3376.92752057275,-644.1115205727442,-0.00021470384019091473,130663.1
2024-09-27,2849.9999999999864,-1987.684999999983,862.3150000000035,0.0,-3694.51917502715,-2832.2041750271464,-0.0009440680583423822,132848.9
2024-09-30,-9021.183800000004,2851.265000000002,-6169.9188,0.0,-1959.7047225784,-8129.6235225784,-0.0027098745075261332,82980.75
2024-10-08,-1202.603399999996,-250.00000000000043,-1452.6033999999963,-5425.2528375096745,1999.74823962755,-4878.107997882121,-0.0016260359992940402,58428.8
2024-10-09,998.9219999999988,5814.902499999989,6813.824499999988,1382.7785979828411,-538.40652665505,7658.196571327779,0.002552732190442593,68958.0
2024-10-10,97.60000000000508,3789.5000000000114,3887.100000000016,4622.739474077444,2417.27848317315,10927.11795725061,0.00364237265241687,46673.75
2024-10-11,-793.0000000000053,1749.9999999999905,956.9999999999852,3903.682202980951,-486.55788435155,4374.124318629387,0.0014580414395431289,64998.25
2024-10-14,-4645.41200000001,370.9650000000093,-4274.447000000001,274.1950662919665,-2112.7717863336998,-6113.023720041734,-0.002037674573347245,138216.3
2024-10-15,1804.4720000000025,737.4999999999773,2541.97199999998,5733.925345418611,-503.4600602499,7772.43728516869,0.0025908124283895635,85073.05
2024-10-16,303.02400000000046,4325.000000000003,4628.024000000003,1505.8739875491087,3469.7207688926,9603.618756441712,0.0032012062521472374,131906.7
2024-10-17,998.2509999999888,-2062.4999999999936,-1064.2490000000048,3373.916300717519,-1706.4346359836,603.2326647339141,0.0002010775549113047,132669.2
2024-10-18,-2190.980000000008,2399.999999999992,209.0199999999832,4488.25805580934,-745.0510054829,3952.2270503264226,0.0013174090167754743,114845.75
2024-10-21,-2746.6060000000134,-1018.7499999999872,-3765.3560000000007,589.3105089856095,-1202.8100371866499,-4378.855528201041,-0.001459618509400347,154596.95
2024-10-22,2973.62,2325.000000000022,5298.620000000022,2434.2530113959065,3514.6794634867,11247.552474882628,0.0037491841582942094,128485.0
2024-10-23,3079.999999999985,-437.49999999999454,2642.499999999991,-3857.117642019226,1757.9462308426,543.328588823365,0.0001811095296077883,129428.05
2024-10-24,-2935.4999999999964,2124.9999999999936,-810.5000000000027,260.49240619501643,444.5310880089,-105.47650579608631,-3.51588352653621e-05,136526.05
2024-10-25,2722.2600000000043,-1949.999999999979,772.2600000000252,1259.8655210664008,-177.9040160451,1854.221505021326,0.0006180738350071087,96493.75
2024-10-28,1425.3079999999893,1978.5249999999976,3403.832999999987,3496.633496825232,1789.66548133,8690.13197815522,0.0028967106593850733,132447.5
2024-10-29,3428.999999999982,4688.5975,8117.597499999982,4705.851111807405,5902.42825767645,18725.876869483836,0.006241958956494612,155276.7
2024-10-30,831.9819999999944,987.4999999999978,1819.481999999992,-1855.3418813572903,1717.04413541505,1681.1842540577518,0.000560394751352584,175160.4
2024-10-31,520.0000000000027,-2875.0000000000005,-2354.9999999999977,-4216.835228075599,-4619.0278651512,-11190.863093226797,-0.0037302876977422655,175342.75
2024-11-01,-19.9999999999931,-902.5000000000068,-922.5,-3055.2883803764717,-568.1418416918999,-4545.930222068371,-0.0015153100740227905,147953.7
2024-11-04,-324.9999999999956,274.2175000000075,-50.78249999998815,-205.76334317579165,1752.6573436118501,1496.1115004360704,0.0004987038334786901,145548.0
2024-11-05,3315.0,5825.000000000002,9140.000000000002,-768.6846737143951,531.5969243489,8902.912250634507,0.0029676374168781687,156918.8
2024-11-06,722.7599999999836,-2500.0000000000223,-1777.240000000039,-8671.90636810841,-317.21605145825,-10766.3624195667,-0.0035887874731889,120282.3
2024-11-07,3288.561499999986,-675.0000000000082,2613.561499999978,2924.6962052233316,920.80049975735,6459.05820498066,0.0021530194016602198,135761.3
2024-11-08,1092.0000000000146,900.0000000000068,1992.0000000000211,205.66449524858118,2961.28003233795,5158.944527586553,0.0017196481758621842,141857.9
2024-11-11,501.99999999999886,1837.442500000004,2339.442500000003,-6982.760449458323,1075.6778044353,-3567.64014502302,-0.00118921338167434,149828.55
2024-11-12,-1674.4999999999754,1099.9999999999989,-574.4999999999766,-754.9669173672954,-761.8103823451501,-2091.277299712422,-0.0006970924332374741,155369.95
2024-11-13,-4487.560000000022,-749.9999999999691,-5237.559999999991,-8017.082203200972,1194.39387592515,-12060.248327275813,-0.004020082775758604,176537.75
2024-11-14,1066.1680000000035,2749.9999999999964,3816.168,205.66262120761562,1958.2414591794998,5980.072080387115,0.0019933573601290384,146507.75
2024-11-15,-904.999999999952,1162.5000000000011,257.5000000000491,5029.566473079215,-231.41284364925,5055.653629430014,0.0016852178764766713,158272.65
2024-11-18,314.4299999999977,-1669.5324999999889,-1355.102499999991,6315.097585975229,405.91762776484995,5365.912713740088,0.001788637571246696,68208.3
2024-11-19,-698.0000000000136,-1662.499999999994,-2360.500000000008,397.52656452768423,1652.9959575778,-309.9774778945239,-0.00010332582596484129,88715.85
2024-11-20,297.6740000000232,-1625.000000000005,-1327.3259999999818,5016.8775136593595,1287.84689675945,4977.398410418828,0.0016591328034729425,98447.8
2024-11-21,1210.6820000001214,4499.99999999999,5710.682000000112,5464.273661809917,368.76420425080005,11543.719866060828,0.003847906622020276,126887.25
2024-11-22,1518.295500000037,-2712.500000000005,-1194.204499999968,-6188.110802261968,1899.9925429231,-5482.3227593388365,-0.0018274409197796121,98465.75
2024-11-25,797.5750000000894,1726.6849999999968,2524.260000000086,-5660.309529061166,139.22228033775,-2996.8272487233303,-0.00099894241624111,107611.125
2024-11-26,-1130.3119999997236,1199.9999999999973,69.68800000027363,3700.232351276474,-696.5874775668001,3073.332873709948,0.0010244442912366494,120961.475
2024-11-27,3291.6475000000382,625.000000000015,3916.647500000053,-2213.7700435935326,1444.8403094531,3147.71776585962,0.0010492392552865402,133240.6
2024-11-28,2668.3200000001266,1062.4999999999895,3730.820000000116,3741.0719293684683,398.4949238167,7870.386853185285,0.002623462284395095,118888.6
2024-11-29,5375.231499999952,3663.5899999999847,9038.821499999936,-3691.395120394749,-1052.65291507035,4294.773464534837,0.0014315911548449457,134587.375
2024-12-02,129.48299999979696,-3700.8637500000023,-3571.380750000206,4012.8513884124845,1338.63756354795,1780.1082019602288,0.0005933694006534096,152830.675
2024-12-03,373.99599999992176,2512.50000000001,2886.495999999932,-713.74066207937,-580.8175069994,1591.937830921162,0.0005306459436403873,154220.625
2024-12-04,50.722000000001415,1512.5000000000173,1563.2220000000186,109.70013101077208,-1253.7717949921498,419.1503360186409,0.00013971677867288031,117853.625
2024-12-05,1567.000000000001,-8599.99999999998,-7032.999999999979,-2048.3540686083784,461.1777828909,-8620.176285717458,-0.0028733920952391527,115671.775
2024-12-06,-3388.1500000000005,-2025.0000000000043,-5413.150000000005,2243.187226418357,459.48255580414997,-2710.480217777498,-0.0009034934059258328,125733.125
2024-12-09,-2596.6179999999977,1095.9943750000202,-1500.6236249999774,1656.2006966580334,20.845493252673457,176.42256491072942,5.880752163690981e-05,106493.05
2024-12-10,30.55499999999939,-3624.9999999999854,-3594.444999999987,3754.8746502969466,2157.2338733891497,2317.6635236861093,0.0007725545078953698,124124.25
2024-12-11,-250.66399999998052,737.4999999999972,486.8360000000166,3033.865341069609,155.38165579710002,3676.0829968667254,0.0012253609989555752,141574.875
2024-12-12,-1308.503000000003,2281.6631249999973,973.1601249999942,-3898.604253000498,520.4079825832999,-2405.036145417204,-0.000801678715139068,109773.125
2024-12-13,2438.9320000000776,-187.49999999999451,2251.432000000083,-4064.8651021833634,-2416.84200528935,-4230.27510747263,-0.0014100917024908767,98302.75
2024-12-16,-430.31750000007054,2932.8775000000014,2502.559999999931,-384.17317728693604,-52.7438071449,2065.6430155680946,0.0006885476718560315,150966.6
2024-12-17,-874.9359999999025,37.49999999999625,-837.4359999999062,-329.27019334814804,-1435.89309644015,-2602.5992897882043,-0.000867533096596068,152816.625
2024-12-18,-822.3198999999742,450.00000000001353,-372.3198999999606,-3594.5770110981257,1824.8022880999501,-2142.094622998136,-0.0007140315409993786,138280.55
2024-12-19,1855.8696000000343,-1182.5000000000248,673.3696000000095,150.83016583481532,-388.87570750335004,435.32405833147476,0.0001451080194438249,114262.75
2024-12-20,-3933.9243999999712,637.4999999999986,-3296.4243999999726,4325.179886262614,-416.89334174635,611.8621445162912,0.00020395404817209707,150651.0
2024-12-23,-1298.1155000000304,-1478.831249999992,-2776.9467500000223,-1772.82488818615,593.32824377705,-3956.443394409122,-0.0013188144648030406,143797.425
2024-12-24,1178.457000000006,-1637.499999999999,-459.042999999993,917.8639491247752,1195.7304214316,1654.5513705563822,0.000551517123518794,140249.275
2024-12-25,1226.984100000005,4937.499999999978,6164.484099999983,561.9143872293274,1686.6732252256,8413.07171245491,0.00280435723748497,143448.375
2024-12-26,-650.9999999999982,2699.9999999999964,2048.999999999998,520.8242828074663,-535.8611533966,2033.9631294108644,0.0006779877098036215,114161.375
2024-12-27,782.207,950.0000000000094,1732.2070000000094,-1717.7407497726063,-150.30992280135,-135.84367257394683,-4.528122419131561e-05,114037.125
2024-12-30,1818.9999999999927,681.2924999999836,2500.292499999977,41.14086449544214,846.14844859125,3387.581813086669,0.0011291939376955563,123957.0
2024-12-31,-1500.9999999999982,-212.4999999999961,-1713.4999999999943,3210.6919281191217,0.0,1497.1919281191274,0.0004990639760397091,122277.25
2025-01-02,2637.0882000000115,-400.0000000000073,2237.088200000004,3265.253766440714,0.0,5502.341966440717,0.0018341139888135725,116577.15
2025-01-03,-821.2922999999947,-2549.999999999985,-3371.29229999998,-1951.8292881437121,0.0,-5323.121588143692,-0.001774373862714564,119945.55
2025-01-06,201.24159999999216,-3812.4999999999873,-3611.258399999995,-96.01071178091507,68.7001940898,-3638.5689176911105,-0.0012128563058970369,113796.15
2025-01-07,-1356.000000000001,1346.0849999999891,-9.91500000001156,1902.0741177189097,137.51376524385,2029.6728829627482,0.0006765576276542494,100331.625
2025-01-08,93.66860000000152,3024.9999999999973,3118.6685999999986,2475.182168542571,68.81365436655,5662.66442290912,0.0018875548076363732,115744.0
2025-01-09,4735.691000000003,-1125.0000000000005,3610.691000000003,2802.372726032973,-412.3148323331,6000.748893699876,0.002000249631233292,120588.125
2025-01-10,-1588.4950999999924,424.99999999999136,-1163.495100000001,1396.6247830513032,-752.3962524751499,-519.2665694238477,-0.0001730888564746159,103518.75
2025-01-13,2345.1000000000004,-332.49999999998727,2012.600000000013,-3442.037835718509,-1356.4973057068498,-2785.935141425346,-0.000928645047141782,97058.9
2025-01-14,-521.7179999999862,516.5625000000143,-5.15549999997188,2202.4192159174913,744.2511837634501,2941.5148996809694,0.0009805049665603232,140538.575
2025-01-15,1154.3269999999932,2424.999999999981,3579.326999999974,1519.6435992115657,-1952.63868235465,3146.3319168568896,0.0010487773056189632,153659.925
2025-01-16,-478.33900000000943,987.49999999997,509.16099999996055,917.8969743611802,602.73355463465,2029.791528995791,0.0006765971763319303,141431.0
2025-01-17,1344.587000000004,-3550.0000000000136,-2205.4130000000096,-631.3098593950535,336.1120605383,-2500.6107988567633,-0.0008335369329522545,162719.025
2025-01-20,-4113.45,-275.0000000000091,-4388.450000000009,123.41123649602966,202.10190336315,-4062.9368601408296,-0.0013543122867136098,137030.45
2025-01-21,-666.0669999999996,1411.5400000000134,745.4730000000138,3673.744337307569,405.18674052135,4824.404077828933,0.0016081346926096443,142086.15
2025-01-22,-119.22599999999886,-25.000000000010232,-144.2260000000091,589.3222571117195,682.7179977428,1127.8142548545104,0.0003759380849515035,116837.725
2025-01-23,-515.0604999999989,-1362.4999999999998,-1877.560499999999,1806.6030929357585,806.5511077034,735.5937006391596,0.0002451979002130532,117493.875
2025-01-24,-1652.9719999999377,3099.9999999999877,1447.0280000000496,-1002.2693206305348,-665.83955606555,-221.08087669603526,-7.369362556534509e-05,135782.8
2025-01-27,2080.037999999784,7337.499999999998,9417.537999999782,15657.0140840888,1056.0002264481,26130.55231053668,0.008710184103512228,150947.6
2025-02-05,-2127.1960000000063,-1387.4124999999844,-3514.6084999999907,-1194.6912844140634,-2737.20256038375,-7446.502344797804,-0.0024821674482659348,91795.3
2025-02-06,-237.0000000000047,-2287.5000000000077,-2524.500000000012,-13.714285714285715,-474.05676539154996,-3012.2710511058476,-0.0010040903503686159,95647.875
2025-02-07,560.923999999992,162.49999999998636,723.4239999999784,0.0,1424.2736072581,2147.6976072580783,0.0007158992024193595,108398.95
2025-02-10,-1511.859400000004,2328.797499999995,816.9380999999912,0.0,1427.4973407472999,2244.435440747291,0.0007481451469157637,121017.575
2025-02-11,3317.564699999995,2762.5000000000005,6080.064699999995,0.0,245.31165655550004,6325.3763565554955,0.0021084587855184985,148329.2
2025-02-12,-1238.811099999988,1844.0679999999963,605.2569000000083,0.0,2000.2652318775001,2605.5221318775084,0.0008685073772925028,148301.975
2025-02-13,13271.580500000004,-3599.9999999999927,9671.580500000013,0.0,852.87168752605,10524.452187526063,0.0035081507291753545,140537.325
2025-02-14,-81.59100000000001,0.0,-81.59100000000001,0.0,-1256.98978286325,-1338.58078286325,-0.00044619359428775003,0.0
2025-02-17,0.0,0.0,0.0,0.0,-904.9705232793001,-904.9705232793001,-0.00030165684109310003,0.0
2025-02-18,0.0,0.0,0.0,0.0,1201.7483583348,1201.7483583348,0.00040058278611160004,0.0
2025-02-19,0.0,0.0,0.0,0.0,-189.28244552315002,-189.28244552315002,-6.309414850771667e-05,0.0
2025-02-20,0.0,0.0,0.0,0.0,252.31295362395002,252.31295362395002,8.410431787465e-05,0.0
2025-02-21,0.0,0.0,0.0,0.0,-568.4220321453,-568.4220321453,-0.0001894740107151,0.0
2025-02-24,0.0,0.0,0.0,0.0,-42.20834076909787,-42.20834076909787,-1.4069446923032625e-05,0.0
2025-02-25,0.0,0.0,0.0,0.0,0.0,0.0,0.0,0.0
2025-02-26,0.0,0.0,0.0,0.0,0.0,0.0,0.0,0.0
2025-02-27,0.0,0.0,0.0,0.0,0.0,0.0,0.0,0.0
2025-02-28,0.0,0.0,0.0,0.0,0.0,0.0,0.0,0.0
2025-03-03,0.0,0.0,0.0,0.0,0.0,0.0,0.0,0.0
2025-03-04,0.0,0.0,0.0,0.0,0.0,0.0,0.0,0.0
2025-03-05,0.0,0.0,0.0,0.0,0.0,0.0,0.0,0.0
2025-03-06,0.0,0.0,0.0,0.0,-133.2622727497,-133.2622727497,-4.4420757583233334e-05,0.0
2025-03-07,0.0,0.0,0.0,0.0,66.61337754235,66.61337754235,2.220445918078333e-05,0.0
2025-03-10,0.0,0.0,0.0,0.0,-199.73373091189998,-199.73373091189998,-6.657791030396666e-05,0.0
2025-03-11,0.0,0.0,0.0,0.0,199.73373091189998,199.73373091189998,6.657791030396666e-05,0.0
2025-03-12,0.0,0.0,0.0,0.0,200.05339026015,200.05339026015,6.668446342005e-05,0.0
2025-03-13,0.0,0.0,0.0,0.0,-66.72004428484999,-66.72004428484999,-2.2240014761616663e-05,0.0
2025-03-14,315.3920000000026,2287.500000000006,2602.8920000000085,0.0,133.47572010374998,2736.3677201037585,0.0009121225733679195,192357.3
2025-03-17,-4002.9715000000015,3274.2367500000187,-728.7347499999828,0.0,803.8612912863,75.1265412863172,2.5042180428772402e-05,167954.8
2025-03-18,1273.6782499999867,4249.9999999999945,5523.678249999981,0.0,1012.1512790774001,6535.829529077381,0.002178609843025794,173195.35
2025-03-19,230.4250000000003,-969.702500000009,-739.2775000000087,0.0,67.76904476105,-671.5084552389587,-0.00022383615174631957,204460.425
2025-03-20,-3038.78,4800.000000000007,1761.220000000007,0.0,407.38765011335,2168.607650113357,0.0007228692167044523,210418.275
2025-03-21,-2016.919749999999,-4637.499999999974,-6654.419749999973,0.0,-1487.3079739518,-8141.7277239517725,-0.0027139092413172574,188819.675
2025-03-24,-125.1600000000029,2712.4999999999764,2587.3399999999733,0.0,403.8775726808,2991.217572680773,0.0009970725242269243,170344.05
2025-03-25,503.22799999999296,649.999999999982,1153.227999999975,0.0,-403.8775726808,749.3504273191751,0.0002497834757730584,179727.225
2025-03-26,-65.94680000000153,-2327.499999999998,-2393.4468,0.0,0.0,-2393.4468,-0.0007978156000000001,119818.925
2025-03-27,1910.6639999999916,1699.999999999984,3610.663999999975,0.0,0.0,3610.663999999975,0.0012035546666666584,176328.05
2025-03-28,71.0119999999923,6599.999999999989,6671.0119999999815,0.0,0.0,6671.0119999999815,0.0022236706666666603,174540.65
2025-03-31,-1247.0524999999932,-9675.000000000013,-10922.052500000003,0.0,1132.34736297825,-9789.705137021754,-0.003263235045673918,127327.95
2025-04-01,458.47339999998974,1287.499999999984,1745.973399999974,0.0,703.7607594507,2449.734159450674,0.0008165780531502246,143925.45
2025-04-02,1836.591400000005,3010.792499999985,4847.38389999999,0.0,226.8416031266,5074.2255031265895,0.0016914085010421966,133980.775
2025-04-03,-1921.097199999997,-4174.999999999998,-6096.097199999995,0.0,-2140.35650720855,-8236.453707208544,-0.002745484569069515,140996.225
2025-04-07,-453.8188000001154,1474.9999999999957,1021.18119999988,0.0,-777.90176209885,243.27943790103006,8.109314596701002e-05,158820.725
2025-04-08,2804.99999999995,-7812.500000000019,-5007.500000000069,0.0,-507.18581839355005,-5514.685818393619,-0.0018382286061312063,158614.075
2025-04-09,-3197.003999999949,4175.000000000015,977.9960000000656,0.0,1326.9987292505,2304.994729250566,0.0007683315764168552,188020.0
2025-04-10,245.3369999999713,-1157.699000000026,-912.3620000000546,0.0,-482.8287135041,-1395.1907135041547,-0.0004650635711680516,138461.3
2025-04-11,-731.6175000000012,562.5000000000127,-169.11749999998847,0.0,-526.9378008132,-696.0553008131885,-0.00023201843360439616,134031.125
2025-04-14,4783.760000000015,2271.2499999999736,7055.009999999988,0.0,-465.5498863728,6589.460113627189,0.0021964867045423963,147084.85
2025-04-15,512.0960000000132,462.50000000001,974.5960000000232,0.0,231.52373760225,1206.1197376022733,0.0004020399125340911,136317.25
2025-04-16,695.8600000000814,474.9999999999994,1170.8600000000808,0.0,516.63310029215,1687.4931002922308,0.0005624977000974103,138089.525
2025-04-17,1978.860999999997,-2159.6260000000093,-180.7650000000124,0.0,384.97056405985,204.2055640598376,6.80685213532792e-05,104063.425
2025-04-18,-3639.168999999898,337.49999999999864,-3301.6689999999,0.0,998.1948243968999,-2303.474175603,-0.0007678247252009999,158854.675
2025-04-21,1174.5865000000058,3562.500000000009,4737.086500000015,0.0,5155.4162422687,9892.502742268716,0.003297500914089572,134523.65
2025-04-22,-3253.9098000000054,-2175.0000000000214,-5428.909800000027,0.0,-2436.522529637,-7865.432329637027,-0.0026218107765456754,85275.875
2025-04-23,249.095,2649.9999999999964,2899.094999999996,0.0,1644.76057218885,4543.855572188846,0.0015146185240629488,116031.025
2025-04-24,1194.9999999999982,1265.88850000001,2460.888500000008,0.0,-275.6340697892,2185.254430210808,0.0007284181434036027,89679.175
2025-04-25,-1971.164500000005,-1774.9999999999957,-3746.1645000000008,0.0,137.74106076955,-3608.4234392304506,-0.0012028078130768168,137924.0
2025-04-28,2083.500000000009,2849.9999999999977,4933.500000000007,0.0,1455.5196337436,6389.019633743607,0.002129673211247869,127530.7
2025-04-29,783.5352499999975,2499.999999999986,3283.5352499999835,0.0,-1386.5921437147501,1896.9431062852334,0.0006323143687617445,70759.4
2025-04-30,2030.0000000000005,4475.000000000016,6505.000000000016,0.0,276.09066994445,6781.090669944467,0.0022603635566481556,70382.6
2025-05-06,-453.79999999999296,-1297.9587500000082,-1751.758750000001,0.0,-69.07985807205,-1820.838608072051,-0.0006069462026906837,110439.25
2025-05-07,962.9493999999996,-756.2500000000119,206.6993999999878,0.0,484.36263206924997,691.0620320692378,0.00023035401068974593,136030.35
2025-05-08,1728.851999999997,4412.50000000002,6141.352000000017,0.0,69.34812937925,6210.700129379267,0.0020702333764597556,132822.95
2025-05-09,-988.8244999999944,-3024.99999999997,-4013.824499999964,0.0,-484.63090337644996,-4498.455403376413,-0.0014994851344588044,141693.325
2025-05-12,1659.2240000000031,-1818.537500000004,-159.31350000000066,0.0,69.11805539665,-90.19544460335065,-3.0065148201116883e-05,127973.15
2025-05-13,-210.9129999999964,-4442.499999999976,-4653.412999999973,0.0,-758.20469575005,-5411.617695750023,-0.0018038725652500076,151739.4
2025-05-14,-933.6240000000035,4125.000000000007,3191.376000000004,0.0,-685.3087340929,2506.067265907104,0.0008353557553023679,175654.3
2025-05-15,1318.3695000000005,-925.000000000002,393.3694999999984,0.0,754.04670668015,1147.4162066801484,0.0003824720688933828,160253.2
2025-05-16,-589.8480000000056,175.00000000000767,-414.847999999998,0.0,897.0504963053501,482.20249630535204,0.00016073416543511734,135736.45
2025-05-19,1074.3040000000217,4275.000000000014,5349.304000000036,0.0,-1308.9124834119002,4040.3915165881353,0.001346797172196045,199484.3
2025-05-20,-925.7260000001796,-3296.713749999969,-4222.439750000149,0.0,411.86198710655,-3810.577762893599,-0.0012701925876311996,235527.5
2025-05-21,692.1949999999996,-3312.500000000001,-2620.305000000001,0.0,0.0,-2620.305000000001,-0.0008734350000000004,212445.375
2025-05-22,2413.5879999998792,1324.99999999998,3738.587999999859,0.0,0.0,3738.587999999859,0.0012461959999999531,234849.25
2025-05-23,-906.149999999936,2662.4999999999905,1756.3500000000545,0.0,0.0,1756.3500000000545,0.0005854500000000182,201854.25
2025-05-26,-1183.641000000037,5012.500000000015,3828.8589999999776,0.0,0.0,3828.8589999999776,0.001276286333333326,161969.625
2025-05-27,618.8780000000048,6798.010624999977,7416.888624999982,0.0,0.0,7416.888624999982,0.0024722962083333273,139039.3375
2025-05-28,-374.18650000000486,-1575.0000000000186,-1949.1865000000237,0.0,0.0,-1949.1865000000237,-0.0006497288333333413,143296.4625
2025-05-29,-421.4045000000025,-5006.249999999978,-5427.6544999999805,0.0,216.0761125772,-5211.578387422781,-0.0017371927958075937,123656.9125
2025-05-30,230.410000000055,5418.74999999998,5649.160000000035,0.0,650.47848437835,6299.638484378385,0.002099879494792795,160974.55
2025-06-03,-1224.3735000000042,-7193.750000000019,-8418.123500000023,0.0,-3638.785651079,-12056.909151079024,-0.004018969717026341,167050.6
2025-06-04,1012.5490000000086,2404.0912499999986,3416.640250000007,0.0,391.8498506714,3808.490100671407,0.0012694967002238023,152119.4
2025-06-05,4507.244000000015,-2012.4999999999757,2494.74400000004,0.0,-65.39367138415001,2429.3503286158902,0.0008097834428719634,149410.05
2025-06-06,3137.7869999999907,-274.9999999999627,2862.787000000028,0.0,-1817.2698057534,1045.517194246628,0.00034850573141554265,165010.45
2025-06-09,320.01399999999603,4197.00625,4517.020249999996,0.0,-770.81436445795,3746.205885542046,0.001248735295180682,127661.3
2025-06-10,735.00000000001,-252.97750000002716,482.02249999998287,0.0,1481.59425841355,1963.6167584135328,0.0006545389194711776,150547.85
2025-06-11,-464.999999999997,4857.07625000001,4392.076250000013,0.0,-194.25023334175,4197.826016658263,0.0013992753388860878,193367.85
2025-06-12,-996.5000000000038,3568.749999999987,2572.249999999983,0.0,64.7165429936,2636.966542993583,0.0008789888476645277,195241.6
2025-06-13,-238.22850000000292,1087.5000000000284,849.2715000000255,0.0,-129.39959747705,719.8719025229755,0.00023995730084099183,163434.7
2025-06-16,-464.7260000000033,2293.7500000000005,1829.0239999999967,0.0,258.9332878252,2087.9572878251965,0.0006959857626083988,169394.925
2025-06-17,1977.784000000012,5112.500000000021,7090.284000000033,0.0,-1417.54096467275,5672.743035327283,0.0018909143451090943,182668.85
2025-06-18,-3363.768749999997,-5181.24999999998,-8545.018749999977,0.0,-6004.1556297723,-14549.174379772277,-0.004849724793257426,215516.775
2025-06-19,1425.5444000000057,-156.2499999999934,1269.294400000012,0.0,1659.72440825485,2929.018808254862,0.0009763396027516206,181358.625
2025-06-20,-368.30179999999785,3728.992499999986,3360.6906999999883,0.0,0.0,3360.6906999999883,0.0011202302333333295,184429.2
2025-06-23,-5738.3043000000125,-1575.0000000000473,-7313.30430000006,0.0,-482.39326632115,-7795.69756632121,-0.002598565855440403,198082.35000000003
2025-06-24,1053.891999999987,-3356.25,-2302.358000000013,0.0,-2738.20472839295,-5040.5627283929625,-0.0016801875761309874,151396.0
2025-06-25,-2726.073499999988,-6106.249999999969,-8832.323499999957,0.0,945.6309873833501,-7886.692512616607,-0.0026288975042055357,163610.75
2025-06-26,316.6429999999948,-2906.2500000000045,-2589.60700000001,0.0,-59.31198213295,-2648.91898213296,-0.00088297299404432,184154.775
2025-06-27,-788.500000000005,1761.311250000018,972.8112500000128,0.0,-532.5451842015,440.26606579851284,0.00014675535526617096,239088.375
2025-06-30,1197.500000000004,2746.951249999982,3944.4512499999855,0.0,-2860.2695532588,1084.1816967411855,0.0003613938989137285,223097.225
2025-07-01,-178.8580000000024,-8631.250000000022,-8810.108000000024,0.0,-805.3410277748001,-9615.449027774825,-0.0032051496759249415,170028.275
2025-07-02,-703.7505000000109,762.5000000000355,58.74950000002457,0.0,805.34102777485,864.0905277748745,0.0002880301759249582,175759.875
2025-07-03,-184.73199999999375,762.5000000000002,577.7680000000064,0.0,6272.0207221636,6849.7887221636065,0.0022832629073878687,180563.1
2025-07-04,-185.07799999985505,3050.208749999986,2865.1307500001312,0.0,-121.30034915979999,2743.830400840331,0.0009146101336134437,194792.8
2025-07-07,-907.7620000001324,1637.4999999999875,729.737999999855,0.0,242.71852286375,972.456522863605,0.00032415217428786834,197403.15
2025-07-08,107.39549999999493,4631.250000000016,4738.645500000011,0.0,-121.41817370394999,4617.227326296062,0.0015390757754320205,177969.15
2025-07-09,2337.1789999999914,-2518.750000000025,-181.571000000034,0.0,-1807.2603969037,-1988.831396903734,-0.0006629437989679113,187481.1
2025-07-10,-650.8540000000521,4400.000000000029,3749.145999999977,0.0,-358.3375602595,3390.808439740477,0.0011302694799134923,200640.05
2025-07-11,420.9480000000107,2805.2749999999714,3226.222999999982,0.0,2773.8716635598503,6000.094663559832,0.002000031554519944,178747.4
2025-07-14,-1123.4129999997283,3268.7499999999886,2145.33700000026,0.0,0.0,2145.33700000026,0.0007151123333334201,178184.1
2025-07-15,2634.3609999999903,-1974.9999999999975,659.3609999999926,0.0,0.0,659.3609999999926,0.00021978699999999752,174115.3
2025-07-16,8534.999999999985,2325.000000000025,10860.000000000013,0.0,0.0,10860.000000000013,0.0036200000000000043,174366.85
2025-07-17,-16.14,0.0,-16.14,0.0,489.237415142,473.097415142,0.00015769913838066668,0.0
2025-07-18,0.0,0.0,0.0,0.0,245.33864598105,245.33864598105,8.177954866035e-05,0.0
2025-07-21,0.0,0.0,0.0,0.0,-1828.4090011463002,-1828.4090011463002,-0.0006094696670487668,0.0
2025-07-22,0.0,0.0,0.0,0.0,-1144.31056916475,-1144.31056916475,-0.00038143685638825,0.0
2025-07-23,0.0,0.0,0.0,0.0,661.2181804286,661.2181804286,0.00022040606014286668,0.0
2025-07-24,0.0,0.0,0.0,0.0,968.0590494347,968.0590494347,0.0003226863498115667,0.0
2025-07-25,0.0,0.0,0.0,0.0,-3000.6241584072,-3000.6241584072,-0.0010002080528024,0.0
2025-07-28,0.0,0.0,0.0,0.0,-1297.7936302772,-1297.7936302772,-0.00043259787675906667,0.0
2025-07-29,0.0,0.0,0.0,732.6823164119014,0.0,732.6823164119014,0.00024422743880396714,0.0
2025-07-30,0.0,0.0,0.0,-1209.6035023039105,1179.2540291698,-30.34947313411044,-1.011649104470348e-05,0.0
2025-07-31,0.0,0.0,0.0,233.04026977550416,-2405.6128497022,-2172.5725799266957,-0.0007241908599755653,0.0
2025-08-01,0.0,0.0,0.0,3670.4629131065294,640.8776564791,4311.340569585629,0.0014371135231952097,0.0
2025-08-04,0.0,0.0,0.0,376.87842601111157,171.54993176425,548.4283577753615,0.00018280945259178719,0.0
2025-08-05,0.0,0.0,0.0,370.0311640429126,-470.0747837925,-100.04361974958738,-3.334787324986246e-05,0.0
2025-08-06,0.0,0.0,0.0,445.3460422352168,-1831.9548472411,-1386.6088050058831,-0.00046220293500196105,0.0
2025-08-07,0.0,0.0,0.0,917.2965327412855,-3532.357483678,-2615.060950936714,-0.0008716869836455713,0.0
2025-08-08,0.0,0.0,0.0,-2839.98242176424,-1031.54925761405,-3871.53167937829,-0.0012905105597927633,0.0
2025-08-11,0.0,0.0,0.0,-1188.919156373856,3131.5590928724,1942.639936498544,0.0006475466454995147,0.0
2025-08-12,0.0,0.0,0.0,595.9054411892994,2876.0822811756498,3471.987722364949,0.0011573292407883163,0.0
2025-08-13,0.0,0.0,0.0,322.09164750440283,-495.68502063554996,-173.59337313114713,-5.786445771038238e-05,0.0
2025-08-14,0.0,0.0,0.0,-1044.319931675513,-713.655314136,-1757.975245811513,-0.0005859917486038377,0.0
2025-08-15,0.0,0.0,0.0,677.994542984652,1358.1169466198498,2036.111489604502,0.0006787038298681673,0.0
2025-08-18,0.0,0.0,0.0,-865.3991011876285,-1402.16681793725,-2267.5659191248787,-0.0007558553063749596,0.0
2025-08-19,0.0,0.0,0.0,-851.6451080733818,-593.23825691015,-1444.883364983532,-0.00048162778832784396,0.0
2025-08-20,0.0,0.0,0.0,828.4211849305792,871.51144202095,1699.932626951529,0.000566644208983843,0.0
2025-08-21,0.0,0.0,0.0,-556.0082462877735,2614.1108418856497,2058.102595597876,0.0006860341985326254,0.0
2025-08-22,0.0,0.0,0.0,2015.2017926179278,-1290.3971041391,724.8046884788278,0.0002416015628262759,0.0
2025-08-25,0.0,0.0,0.0,671.1586976918412,194.85808513400002,866.0167828258412,0.0002886722609419471,0.0
2025-08-26,0.0,0.0,0.0,-27.429971941131104,1949.09560378735,1921.665631846219,0.0006405552106154063,0.0
2025-08-27,0.0,0.0,0.0,753.2285195148147,1203.03141010615,1956.2599296209646,0.0006520866432069882,0.0
2025-08-28,-611.6305000000007,-1787.4999999999868,-2399.1304999999875,1273.9210104984543,-664.5679887123499,-1789.7774782138831,-0.0005965924927379611,114637.7
2025-08-29,-3036.711499999999,-691.2499999999986,-3727.9614999999976,10040.914419935347,1518.69514465335,7831.6480645886995,0.0026105493548628997,64937.7
2025-09-01,319.67000000001866,200.0000000000162,519.6700000000349,2736.0591894777717,-198.27400946104999,3057.4551800167565,0.0010191517266722521,114905.1
2025-09-02,-737.0819999999921,-437.4999999999818,-1174.581999999974,7167.174523440575,-547.46606498715,5445.126458453451,0.001815042152817817,114511.5
2025-09-03,-3023.0000000000014,-837.4999999999791,-3860.499999999981,-1208.1560346674603,4742.7959362298,-325.8600984376417,-0.00010862003281254722,107296.3
2025-09-04,293.6603999999932,-5487.500000000007,-5193.839600000014,1821.0373440796152,336.55049423005,-3036.2517616903488,-0.0010120839205634497,107538.3
2025-09-05,-4266.360000000022,1235.6862500000034,-3030.673750000019,5037.926890640542,-358.5598643656,1648.6932762749234,0.0005495644254249744,196836.6
2025-09-08,-37.05185,0.0,-37.05185,4186.093244286166,-3497.79598235355,651.2454119326162,0.00021708180397753872,0.0
2025-09-09,0.0,0.0,0.0,-411.7229396266407,932.69156198965,520.9686223630093,0.00017365620745433646,0.0
2025-09-10,993.4590000000323,299.9999999999956,1293.459000000028,-1978.2576739694182,-272.09028379150004,-956.8889577608902,-0.00031896298592029674,165100.4
2025-09-11,5501.5000000000055,150.0000000000082,5651.500000000014,2531.5403337778985,1942.9264360025,10125.96676978041,0.00337532225659347,163499.9
2025-09-12,-21.41425,0.0,-21.41425,-6.857142857142858,2916.892455804,2888.621062946857,0.0009628736876489523,0.0
2025-09-15,0.0,0.0,0.0,0.0,-558.20501912425,-558.20501912425,-0.00018606833970808334,0.0
2025-09-16,0.0,0.0,0.0,0.0,75.57893694185,75.57893694185,2.5192978980616668e-05,0.0
2025-09-17,-447.5940000000039,900.0000000000013,452.4059999999974,0.0,2410.30748458985,2862.713484589847,0.0009542378281966157,86912.1
2025-09-18,830.3959999999958,-12.4999999999975,817.8959999999983,0.0,-766.50964305155,51.386356948448224,1.7128785649482743e-05,79495.8
2025-09-19,447.27999999999474,5810.54218749999,6257.822187499985,0.0,-700.609027007,5557.2131604929855,0.0018524043868309952,138105.3
2025-09-22,233.38674999998935,3218.74999999999,3452.136749999979,0.0,-522.8917687633,2929.2449812366795,0.0009764149937455598,182557.2
2025-09-23,576.7600000000165,818.7500000000108,1395.5100000000273,0.0,0.0,1395.5100000000273,0.0004651700000000091,173730.6
2025-09-24,510.9999999999936,-1162.5000000000114,-651.5000000000177,0.0,-2183.9636007859503,-2835.463600785968,-0.0009451545335953227,175272.80000000002
2025-09-25,-1070.3809999999996,2215.148750000006,1144.7677500000066,0.0,-3483.3714728467,-2338.603722846693,-0.0007795345742822311,65504.3
2025-09-26,-1379.5429999999988,-446.7424999999898,-1826.2854999999888,7345.782355026501,4111.6570085007,9631.153863527212,0.0032103846211757373,95014.1
2025-09-29,1928.5750000000075,2224.999999999995,4153.575000000003,5406.2549047306875,1092.71457294645,10652.54447767714,0.0035508481592257135,65091.00000000001
2025-09-30,-385.7719999999914,874.999999999992,489.22800000000063,27070.470937655686,-1607.0010126917,25952.697924963984,0.008650899308321329,74011.1
2025-10-09,1077.4800000000143,2049.999999999999,3127.480000000013,-13.714285714285715,-2102.8002135854,1010.9655007003275,0.00033698850023344254,106076.9
2025-10-10,3950.051999999997,1700.0000000000075,5650.052000000004,17456.769116188025,0.0,23106.821116188028,0.00770227370539601,94830.30000000002
2025-10-13,-1271.999999999989,2487.5000000000027,1215.5000000000136,-13.714285714285715,282.10348240779996,1483.8891966935278,0.0004946297322311759,131004.35
2025-10-14,626.0399999999944,424.9999999999831,1051.0399999999777,0.0,-112.9178035233,938.1221964766777,0.00031270739882555923,127774.55
2025-10-15,-3952.000000000006,-4349.999999999993,-8301.999999999998,0.0,-2444.47148321015,-10746.471483210149,-0.0035821571610700495,132465.0
2025-10-16,3698.056000000018,5799.9999999999945,9498.056000000011,0.0,-372.15554166305003,9125.90045833696,0.0030419668194456534,133925.7
2025-10-17,985.3619999999872,13292.499999999998,14277.861999999985,0.0,881.2269598267001,15159.088959826684,0.005053029653275561,103173.1
2025-10-20,-698.8680000000013,-852.3499999999935,-1551.2179999999948,0.0,115.4094810078,-1435.8085189921949,-0.00047860283966406496,101072.575
2025-10-21,-154.99999999999963,-1162.5000000000086,-1317.5000000000082,0.0,-230.92561528004998,-1548.425615280058,-0.0005161418717600193,75844.625
2025-10-22,1416.5629999999933,1475.000000000005,2891.5629999999983,0.0,668.51242789005,3560.0754278900486,0.0011866918092966828,75169.0
2025-10-23,-218.99800000000107,-349.9999999999932,-568.9979999999942,0.0,-230.11788531445,-799.1158853144443,-0.0002663719617714814,76211.6
2025-10-24,388.9999999999908,-199.99999999997812,189.00000000001265,0.0,-46.07445684306542,142.92554315694724,4.764184771898241e-05,81032.90000000001
2025-10-27,438.96959999999103,225.00000000000276,663.9695999999938,0.0,528.83367758595,1192.8032775859438,0.0003976010925286479,101828.5
2025-10-28,210.69450000000728,-762.499999999998,-551.8054999999906,6778.6362697078175,252.13174405115,6478.962513758977,0.0021596541712529923,105984.25
2025-10-29,451.09100000000194,2037.499999999996,2488.5909999999976,-13.714285714285715,-642.792968364,1832.0837459217119,0.0006106945819739039,113836.675
2025-10-30,-2973.000000000023,119.75624999998628,-2853.243750000037,0.0,206.97272689285,-2646.271023107187,-0.0008820903410357289,133889.025
2025-10-31,5338.560000000021,-612.5000000000118,4726.0600000000095,0.0,458.7161111203,5184.77611112031,0.00172825870370677,112896.45
2025-11-03,31.470000000004237,-2487.500000000001,-2456.029999999997,0.0,-114.5213089724,-2570.5513089723972,-0.0008568504363241325,100141.775
2025-11-04,107.2320000000138,-987.5000000000064,-880.2679999999924,0.0,-943.05351161555,-1823.3215116155425,-0.0006077738372051809,97926.95
2025-11-05,-121.76199999997068,-774.9999999999961,-896.7619999999667,0.0,-23.090422158569375,-919.8524221585361,-0.0003066174740528454,112798.475
2025-11-06,698.5245000000039,2748.3394999999964,3446.8640000000005,0.0,161.54345458925,3608.4074545892504,0.0012028024848630835,108477.55
2025-11-07,-164.38600000000335,4449.999999999997,4285.613999999994,0.0,-182.9918393703,4102.622160629694,0.001367540720209898,101890.0
2025-11-10,-97.49999999999648,-149.99999999999673,-247.4999999999932,0.0,1348.6291818042,1101.1291818042068,0.00036704306060140226,108935.15
2025-11-11,-637.5549999999794,-999.9999999999887,-1637.5549999999682,0.0,1730.5920725677001,93.03707256773191,3.1012357522577306e-05,129346.85
2025-11-12,1632.0000000000043,3324.99999999998,4956.9999999999845,0.0,2163.38552977635,7120.385529776335,0.0023734618432587782,100771.0
2025-11-13,-1366.5559999999973,-1380.7145000000114,-2747.2705000000087,0.0,-544.3666741715999,-3291.6371741716084,-0.001097212391390536,84788.5
2025-11-14,-750.0000000000024,525.000000000005,-224.99999999999736,0.0,-879.5706115903,-1104.5706115902974,-0.0003681902038634325,67980.7
2025-11-17,-2004.0252000000044,924.9999999999956,-1079.025200000009,0.0,-806.45441018605,-1885.4796101860588,-0.0006284932033953529,90508.5
2025-11-18,5971.762099999998,575.0000000000045,6546.762100000003,0.0,604.3525068229,7151.114606822903,0.0023837048689409677,78179.7
2025-11-19,124.80199999999752,449.9999999999972,574.8019999999947,0.0,67.33100081994999,642.1330008199446,0.0002140443336066482,84624.4
2025-11-20,-8082.999999999994,612.5000000000027,-7470.499999999991,0.0,3344.45284423965,-4126.047155760341,-0.0013753490519201137,84892.1
2025-11-21,-22.1592,0.0,-22.1592,0.0,-2872.117599362,-2894.276799362,-0.0009647589331206667,0.0
2025-11-24,0.0,0.0,0.0,0.0,881.9575258361,881.9575258361,0.00029398584194536664,0.0
2025-11-25,0.0,0.0,0.0,0.0,-272.0349278244,-272.0349278244,-9.067830927479999e-05,0.0
2025-11-26,0.0,0.0,0.0,0.0,0.0,0.0,0.0,0.0
2025-11-27,0.0,0.0,0.0,0.0,1572.3477758575,1572.3477758575,0.0005241159252858333,0.0
2025-11-28,0.0,0.0,0.0,0.0,0.0,0.0,0.0,0.0
2025-12-01,0.0,0.0,0.0,0.0,0.0,0.0,0.0,0.0
2025-12-02,0.0,0.0,0.0,0.0,0.0,0.0,0.0,0.0
2025-12-03,0.0,0.0,0.0,0.0,0.0,0.0,0.0,0.0
2025-12-04,0.0,0.0,0.0,0.0,0.0,0.0,0.0,0.0
2025-12-05,0.0,0.0,0.0,0.0,0.0,0.0,0.0,0.0
2025-12-08,0.0,0.0,0.0,0.0,0.0,0.0,0.0,0.0
2025-12-09,0.0,0.0,0.0,0.0,0.0,0.0,0.0,0.0
2025-12-10,0.0,0.0,0.0,0.0,1692.4168631292,1692.4168631292,0.0005641389543764,0.0
2025-12-11,0.0,0.0,0.0,0.0,3455.1674595568998,3455.1674595568998,0.0011517224865189666,0.0
2025-12-12,0.0,0.0,0.0,0.0,-1654.721487375,-1654.721487375,-0.000551573829125,0.0
2025-12-15,0.0,0.0,0.0,0.0,-1025.0953067944502,-1025.0953067944502,-0.00034169843559815003,0.0
2025-12-16,0.0,0.0,0.0,0.0,914.8311484409,914.8311484409,0.00030494371614696666,0.0
2025-12-17,0.0,0.0,0.0,0.0,-973.32294591085,-973.32294591085,-0.0003244409819702833,0.0
2025-12-18,0.0,0.0,0.0,0.0,-62.89047849680001,-62.89047849680001,-2.0963492832266668e-05,0.0
2025-12-19,2695.8822999999784,-75.000000000005,2620.8822999999734,0.0,2034.3882132556,4655.270513255573,0.0015517568377518577,59101.45
2025-12-22,5878.224000000014,-868.1499999999915,5010.074000000022,0.0,1772.79359422945,6782.867594229472,0.0022609558647431575,71421.0
2025-12-23,2671.6980000000194,-900.0000000000118,1771.6980000000076,0.0,536.6411665849499,2308.3391665849576,0.0007694463888616525,72111.65
2025-12-24,-192.5000000000022,750.0000000000064,557.5000000000042,0.0,-184.84914753035,372.6508524696542,0.00012421695082321806,71176.3
2025-12-25,-356.6653999999984,-6300.000000000005,-6656.665400000003,0.0,-459.4568705233,-7116.122270523302,-0.002372040756841101,46897.0
2025-12-26,-10557.304800000004,1700.0000000000073,-8857.304799999996,0.0,-665.7087194018501,-9523.013519401846,-0.003174337839800615,81751.15
2025-12-29,-29.0,0.0,-29.0,0.0,-599.70286993575,-628.70286993575,-0.00020956762331191664,0.0
2025-12-30,0.0,0.0,0.0,0.0,528.3082939825,528.3082939825,0.00017610276466083333,0.0
2025-12-31,0.0,0.0,0.0,0.0,351.9534674523,351.9534674523,0.00011731782248410001,0.0
2026-01-05,0.0,0.0,0.0,0.0,-231.31576147139998,-231.31576147139998,-7.710525382379999e-05,0.0
2026-01-06,0.0,0.0,0.0,0.0,-1915.7177252655501,-1915.7177252655501,-0.0006385725750885167,0.0
2026-01-07,0.0,0.0,0.0,0.0,1074.0254104617,1074.0254104617,0.00035800847015389996,0.0
2026-01-08,0.0,0.0,0.0,0.0,-908.4154685688,-908.4154685688,-0.0003028051561896,0.0
2026-01-09,0.0,0.0,0.0,0.0,-183.8321662151,-183.8321662151,-6.127738873836667e-05,0.0
2026-01-12,0.0,0.0,0.0,0.0,612.9726600967999,612.9726600967999,0.00020432422003226664,0.0
2026-01-13,0.0,0.0,0.0,0.0,127.7758733514,127.7758733514,4.25919577838e-05,0.0
2026-01-14,0.0,0.0,0.0,0.0,789.3118012921,789.3118012921,0.0002631039337640333,0.0
2026-01-15,0.0,0.0,0.0,0.0,1756.9078952183,1756.9078952183,0.0005856359650727666,0.0
2026-01-16,0.0,0.0,0.0,0.0,847.9399389557,847.9399389557,0.00028264664631856665,0.0
2026-01-19,0.0,0.0,0.0,0.0,1713.33350544835,1713.33350544835,0.0005711111684827833,0.0
2026-01-20,0.0,0.0,0.0,0.0,-1685.17913488865,-1685.17913488865,-0.0005617263782962166,0.0
2026-01-21,0.0,0.0,0.0,0.0,364.0425832967,364.0425832967,0.00012134752776556667,0.0
2026-01-22,0.0,0.0,0.0,0.0,-251.68302516954998,-251.68302516954998,-8.389434172318333e-05,0.0
2026-01-23,0.0,0.0,0.0,0.0,376.27764676,376.27764676,0.00012542588225333332,0.0
2026-01-26,0.0,0.0,0.0,0.0,-925.77247076355,-925.77247076355,-0.00030859082358785,0.0
2026-01-27,0.0,0.0,0.0,0.0,244.68135880245,244.68135880245,8.156045293415e-05,0.0
2026-01-28,0.0,0.0,0.0,0.0,736.8022541993,736.8022541993,0.0002456007513997667,0.0
2026-01-29,0.0,0.0,0.0,0.0,-914.4657180240999,-914.4657180240999,-0.00030482190600803334,0.0
2026-01-30,0.0,0.0,0.0,0.0,848.5606008797499,848.5606008797499,0.0002828535336265833,0.0
2026-02-02,0.0,0.0,0.0,0.0,-2062.86329480805,-2062.86329480805,-0.0006876210982693499,0.0
2026-02-03,0.0,0.0,0.0,0.0,1289.9223327413501,1289.9223327413501,0.0004299741109137834,0.0
2026-02-04,0.0,0.0,0.0,0.0,2023.43105525275,2023.43105525275,0.0006744770184175834,0.0
2026-02-05,0.0,0.0,0.0,0.0,973.5319366561,973.5319366561,0.00032451064555203335,0.0
2026-02-06,0.0,0.0,0.0,0.0,216.1770688375,216.1770688375,7.205902294583334e-05,0.0
2026-02-09,0.0,0.0,0.0,0.0,1113.87538109925,1113.87538109925,0.00037129179369975,0.0
2026-02-10,0.0,0.0,0.0,0.0,-2873.6492169483,-2873.6492169483,-0.0009578830723160999,0.0
2026-02-11,0.0,0.0,0.0,0.0,0.0,0.0,0.0,0.0
2026-02-12,0.0,0.0,0.0,0.0,0.0,0.0,0.0,0.0
2026-02-24,0.0,0.0,0.0,0.0,0.0,0.0,0.0,0.0
2026-02-25,0.0,0.0,0.0,0.0,0.0,0.0,0.0,0.0
2026-02-26,0.0,0.0,0.0,0.0,0.0,0.0,0.0,0.0
2026-02-27,0.0,0.0,0.0,0.0,491.3436368477,491.3436368477,0.00016378121228256666,0.0
2026-03-02,0.0,0.0,0.0,0.0,-491.3436368477,-491.3436368477,-0.00016378121228256666,0.0
2026-03-03,0.0,0.0,0.0,0.0,-258.14333777875004,-258.14333777875004,-8.604777925958335e-05,0.0
2026-03-04,-280.0,-437.4999999999966,-717.4999999999966,0.0,-1740.5508662085,-2458.0508662084967,-0.0008193502887361656,92953.5
2026-03-05,7095.0,2499.999999999984,9594.999999999984,0.0,407.42867319725,10002.428673197233,0.0033341428910657446,93016.75
2026-03-06,1080.0,4162.500000000031,5242.500000000031,0.0,686.04864341825,5928.548643418281,0.001976182881139427,93180.25
2026-03-09,-3273.0,-2762.5000000000077,-6035.500000000007,0.0,742.2511621079,-5293.248837892107,-0.001764416279297369,108832.0
2026-03-10,4407.0,2800.6250000000045,7207.625000000005,0.0,-2228.83343541825,4978.791564581755,0.0016595971881939182,133644.625
2026-03-11,7595.0,2621.25,10216.25,0.0,985.0839188482499,11201.33391884825,0.0037337779729494165,165083.375
2026-03-12,0.0,0.0,0.0,0.0,485.1747412598,485.1747412598,0.00016172491375326665,0.0
2026-03-13,0.0,0.0,0.0,0.0,863.3371815145,863.3371815145,0.00028777906050483335,0.0
2026-03-16,0.0,0.0,0.0,0.0,-1081.4721251854,-1081.4721251854,-0.00036049070839513334,0.0
2026-03-17,0.0,0.0,0.0,0.0,1794.6190280844999,1794.6190280844999,0.0005982063426948333,0.0
2026-03-18,0.0,0.0,0.0,0.0,1041.1460257079,1041.1460257079,0.00034704867523596667,0.0
2026-03-19,0.0,0.0,0.0,0.0,411.95543585905,411.95543585905,0.00013731847861968334,0.0
2026-03-20,0.0,0.0,0.0,0.0,250.0965661968,250.0965661968,8.33655220656e-05,0.0
2026-03-23,0.0,0.0,0.0,0.0,-1192.3935171857502,-1192.3935171857502,-0.0003974645057285834,0.0
2026-03-24,0.0,0.0,0.0,0.0,413.2235168124,413.2235168124,0.0001377411722708,0.0
2026-03-25,0.0,0.0,0.0,0.0,1178.27321006815,1178.27321006815,0.00039275773668938336,0.0
2026-03-26,0.0,0.0,0.0,0.0,-347.70537023455,-347.70537023455,-0.00011590179007818334,0.0
2026-03-27,0.0,0.0,0.0,0.0,556.7937936725,556.7937936725,0.00018559793122416667,0.0
2026-03-30,0.0,0.0,0.0,0.0,489.237415142,489.237415142,0.00016307913838066665,0.0
2026-03-31,0.0,0.0,0.0,0.0,202.27863782765002,202.27863782765002,6.742621260921668e-05,0.0
2026-04-01,0.0,0.0,0.0,0.0,71.10843858425,71.10843858425,2.3702812861416667e-05,0.0
2026-04-02,0.0,0.0,0.0,0.0,-1166.6963510700998,-1166.6963510700998,-0.00038889878369003327,0.0
2026-04-03,0.0,0.0,0.0,0.0,3110.46231058705,3110.46231058705,0.0010368207701956834,0.0
2026-04-07,0.0,0.0,0.0,0.0,-1036.6686474657,-1036.6686474657,-0.00034555621582189997,0.0
2026-04-08,0.0,0.0,0.0,0.0,-1266.4396173838,-1266.4396173838,-0.0004221465391279333,0.0
2026-04-09,0.0,0.0,0.0,0.0,-2961.74327014965,-2961.74327014965,-0.00098724775671655,0.0
2026-04-10,0.0,0.0,0.0,0.0,2490.32343300095,2490.32343300095,0.0008301078110003167,0.0
2026-04-13,0.0,0.0,0.0,0.0,-677.6993426341,-677.6993426341,-0.00022589978087803335,0.0
2026-04-14,0.0,0.0,0.0,0.0,-1151.9777196089499,-1151.9777196089499,-0.0003839925732029833,0.0
2026-04-15,0.0,0.0,0.0,0.0,-1259.4171141358001,-1259.4171141358001,-0.0004198057047119334,0.0
2026-04-16,0.0,0.0,0.0,0.0,-297.6506383962,-297.6506383962,-9.921687946540001e-05,0.0
2026-04-17,0.0,0.0,0.0,0.0,-3331.3047307385,-3331.3047307385,-0.0011104349102461666,0.0
2026-04-20,0.0,0.0,0.0,0.0,1770.44403723885,1770.44403723885,0.00059014801241295,0.0
2026-04-21,0.0,0.0,0.0,0.0,-591.94396035645,-591.94396035645,-0.00019731465345215,0.0
2026-04-22,1061.0,-951.334999999989,109.665000000011,0.0,182.9331693465,292.598169346511,9.753272311550366e-05,109123.875
2026-04-23,893.0,-1125.00000000001,-232.00000000001,0.0,827.8175950616501,595.8175950616401,0.0001986058650205467,92307.5
2026-04-24,-77.0,-249.9999999999862,-326.9999999999862,0.0,-1239.6795821681999,-1566.679582168186,-0.0005222265273893954,79322.25
2026-04-27,1480.0,2765.830000000004,4245.830000000004,0.0,480.63777976315,4726.467779763154,0.0015754892599210513,117071.625
2026-04-28,980.0,1133.7500000000018,2113.750000000002,0.0,68.81365436655,2182.563654366552,0.0007275212181221839,145790.875
2026-04-29,5384.0,-2207.715000000007,3176.284999999993,0.0,-2183.4616300487996,992.8233699511934,0.0003309411233170645,145633.5
2026-04-30,7711.0,-23.827500000000327,7687.1725,0.0,0.0,7687.1725,0.0025623908333333332,75176.0
2026-05-06,-1265.0,0.0,-1265.0,0.0,-1746.4013245922501,-3011.40132459225,-0.0010038004415307501,74096.0
2026-05-07,-1310.0,0.0,-1310.0,0.0,1408.65456412595,98.65456412594995,3.2884854708649985e-05,39739.0
2026-05-08,1439.0,0.0,1439.0,0.0,-1208.3874985912,230.61250140879997,7.687083380293333e-05,30001.0
2026-05-11,-2610.0,0.0,-2610.0,0.0,1343.376712574,-1266.623287426,-0.0004222077624753333,28710.0
2026-05-12,7382.0,0.0,7382.0,0.0,0.0,7382.0,0.0024606666666666666,68784.0
2026-05-13,-5714.0,0.0,-5714.0,0.0,0.0,-5714.0,-0.0019046666666666667,41383.0
2026-05-14,0.0,0.0,0.0,0.0,0.0,0.0,0.0,0.0
2026-05-15,0.0,0.0,0.0,0.0,0.0,0.0,0.0,0.0
2026-05-18,0.0,0.0,0.0,0.0,0.0,0.0,0.0,0.0
2026-05-19,0.0,0.0,0.0,0.0,0.0,0.0,0.0,0.0
2026-05-20,0.0,0.0,0.0,0.0,0.0,0.0,0.0,0.0
2026-05-21,0.0,0.0,0.0,0.0,0.0,0.0,0.0,0.0
2026-05-22,0.0,0.0,0.0,0.0,0.0,0.0,0.0,0.0
2026-05-25,0.0,0.0,0.0,0.0,0.0,0.0,0.0,0.0
2026-05-26,0.0,0.0,0.0,0.0,0.0,0.0,0.0,0.0
2026-05-27,0.0,0.0,0.0,0.0,-92.93680725509999,-92.93680725509999,-3.09789357517e-05,0.0
2026-05-28,0.0,0.0,0.0,0.0,764.67010174065,764.67010174065,0.00025489003391355,0.0
2026-05-29,0.0,0.0,0.0,0.0,805.9344488712,805.9344488712,0.0002686448162904,0.0
2026-06-01,0.0,0.0,0.0,0.0,-205.3107496879,-205.3107496879,-6.843691656263333e-05,0.0
2026-06-02,0.0,0.0,0.0,0.0,68.4743922902,68.4743922902,2.2824797430066668e-05,0.0
2026-06-03,0.0,0.0,0.0,0.0,162.0501708994,162.0501708994,5.4016723633133334e-05,0.0
2026-06-04,0.0,0.0,0.0,0.0,1097.4639603488502,1097.4639603488502,0.00036582132011628337,0.0
2026-06-05,0.0,0.0,0.0,0.0,451.3746241371,451.3746241371,0.0001504582080457,0.0
2026-06-08,0.0,0.0,0.0,0.0,111.30454370105001,111.30454370105001,3.710151456701667e-05,0.0
2026-06-09,0.0,0.0,0.0,0.0,862.24873239515,862.24873239515,0.00028741624413171666,0.0
2026-06-10,0.0,0.0,0.0,0.0,-1298.4239895861,-1298.4239895861,-0.00043280799652870006,0.0
2026-06-11,0.0,0.0,0.0,5511.355787915523,185.0962869554,5696.452074870923,0.0018988173582903077,0.0
2026-06-12,0.0,0.0,0.0,-6.857142857142858,856.22570634205,849.3685634849071,0.00028312285449496905,0.0
2026-06-15,0.0,0.0,0.0,0.0,2152.20158110325,2152.20158110325,0.0007174005270344167,0.0
2026-06-16,0.0,0.0,0.0,0.0,978.0585106985,978.0585106985,0.00032601950356616667,0.0
2026-06-17,0.0,0.0,0.0,0.0,1470.6094968513,1470.6094968513,0.0004902031656171,0.0
2026-06-18,0.0,0.0,0.0,0.0,-1109.0749728934,-1109.0749728934,-0.0003696916576311333,0.0
2026-06-22,0.0,0.0,0.0,0.0,-563.4875109805,-563.4875109805,-0.00018782917032683335,0.0
2026-06-23,1912.0,0.0,1912.0,-1359.1800763172303,-478.6883499431,74.13157373966976,2.4710524579889922e-05,68681.0
2026-06-24,384.0,0.0,384.0,-16934.767758639013,-280.69404548399996,-16831.461804123013,-0.005610487268041004,58349.0
2026-06-25,2995.0,0.0,2995.0,7861.331115500399,513.95627336785,11370.28738886825,0.0037900957962894166,57736.0
2026-06-26,2040.0,0.0,2040.0,3936.917917344144,186.28053779459998,6163.198455138744,0.002054399485046248,57676.0
2026-06-29,-3440.0,0.0,-3440.0,-5040.164003564688,-2089.73658950365,-10569.900593068338,-0.003523300197689446,58416.0
2026-06-30,959.0,0.0,959.0,-7979.170380097472,3594.61416426385,-3425.556215833622,-0.0011418520719445407,43313.0
2026-07-01,862.0,0.0,862.0,13975.297978067005,-478.0120548004,14359.285923266605,0.004786428641088868,67999.0
2026-07-02,-1190.0,0.0,-1190.0,13952.210574630026,-747.48795727715,12014.722617352876,0.004004907539117626,67833.0
2026-07-03,-2085.0,0.0,-2085.0,-13.714285714285715,3782.9572049783496,1684.2429192640639,0.0005614143064213546,68187.0
2026-07-06,-3422.0,0.0,-3422.0,0.0,2112.7263503254,-1309.2736496746002,-0.0004364245498915334,79280.0
2026-07-07,154.0,0.0,154.0,-672.3481995487591,757.8719783039501,239.52377875519096,7.984125958506366e-05,48067.0
2026-07-08,-709.0,0.0,-709.0,-2583.6438871649652,980.5693626128,-2312.0745245521653,-0.0007706915081840551,27272.0
2026-07-09,976.0,0.0,976.0,-713.5536689192023,-1110.7556138413,-848.3092827605022,-0.0002827697609201674,17373.0
2026-07-10,-700.0,0.0,-700.0,-8297.675579349505,1910.0084936220999,-7087.667085727405,-0.0023625556952424683,17406.0
2026-07-13,-2055.0,0.0,-2055.0,-3976.3499096272694,-2473.9286438240497,-8505.27855345132,-0.00283509285115044,17232.0
2026-07-14,966.0,0.0,966.0,95.99240363233736,478.67990525145,1540.6723088837873,0.0005135574362945958,26984.0
2026-07-15,-3462.0,0.0,-3462.0,-644.9141099221856,917.8239484893,-3189.090161432885,-0.0010630300538109617,44841.0
2026-07-16,479.0,0.0,479.0,-3797.0136581112215,2144.1349032811504,-1173.878754830071,-0.00039129291827669037,75096.0
2026-07-17,3225.0,0.0,3225.0,438.6973126373642,-1861.67417634765,1802.023136289714,0.000600674378763238,36747.0
2026-07-20,-2563.0,0.0,-2563.0,10508.979917503277,450.19446109655,8396.174378599826,0.0027987247928666086,63158.0
2026-07-21,1360.0,0.0,1360.0,6479.929489168227,1826.15332582615,9666.082814994377,0.003222027604998126,47151.0
2026-07-22,705.0,0.0,705.0,233.0990161691801,-1045.93639784425,-107.83738167506988,-3.594579389168996e-05,46947.0
2026-07-23,2535.0,0.0,2535.0,-12271.504140985899,-470.44939679875,-10206.953537784648,-0.003402317845928216,47056.0
2026-07-24,-2970.0,0.0,-2970.0,7916.227236205646,-693.44431181865,4252.782924386996,0.0014175943081289985,46102.0
2026-07-27,2197.0,0.0,2197.0,-7284.052704471398,1350.1266235527498,-3736.926080918648,-0.0012456420269728826,73305.0
2026-07-28,-818.0,0.0,-818.0,-713.5610253050479,1302.0332487853,-229.52777651974793,-7.650925883991598e-05,45993.0
2026-07-29,1672.0,0.0,1672.0,-2033.1105822604522,742.9002124461,381.78963018564775,0.0001272632100618826,72349.0
2026-07-30,2791.0,0.0,2791.0,4631.394782348998,-144.62704239295,7277.767739956048,0.0024259225799853493,39598.0
2026-07-31,2610.0,0.0,2610.0,-1070.6525895303892,4753.989459989,6293.336870458611,0.002097778956819537,39298.0
2026-08-03,-1666.0,0.0,-1666.0,-260.6271521835329,607.16573535745,-1319.4614168260828,-0.0004398204722753609,46527.0
2026-08-04,-3006.0,0.0,-3006.0,16198.696894148141,-607.1657353575,12585.531158790642,0.004195177052930214,41037.0
2026-08-05,388.0,0.0,388.0,-13.714285714285715,-905.25440909995,-530.9686948142357,-0.00017698956493807859,15944.0
2026-08-06,-1132.0,0.0,-1132.0,0.0,527.2680309653,-604.7319690347,-0.00020157732301156667,26840.0
2026-08-07,-1113.0,0.0,-1113.0,0.0,-675.8851782611,-1788.8851782611,-0.0005962950594203667,46441.0
2026-08-10,605.0,0.0,605.0,0.0,-111.5046950979,493.4953049021,0.00016449843496736666,16103.0
2026-08-11,-310.0,0.0,-310.0,0.0,8.469783958864612,-301.53021604113536,-0.00010051007201371179,16038.0
2026-08-12,-4510.0,0.0,-4510.0,0.0,1888.87883157735,-2621.12116842265,-0.0008737070561408833,46343.0
2026-08-13,1347.0,0.0,1347.0,0.0,2084.45785943455,3431.45785943455,0.0011438192864781833,20831.0
2026-08-14,-800.0,0.0,-800.0,0.0,-1777.8476977225998,-2577.8476977226,-0.0008592825659075333,20645.0
2026-08-17,325.0,0.0,325.0,0.0,186.54986869765,511.54986869765,0.00017051662289921667,20752.0
2026-08-18,2944.0,0.0,2944.0,0.0,-360.5847959038,2583.4152040962,0.0008611384013654,44994.0
2026-08-19,-160.0,0.0,-160.0,0.0,1028.990572469,868.990572469,0.0002896635241563333,26858.0
2026-08-20,925.0,0.0,925.0,0.0,1187.7089859725,2112.7089859725,0.0007042363286575001,26966.0
2026-08-21,288.0,0.0,288.0,0.0,-2137.2372626111,-1849.2372626111,-0.0006164124208703667,16215.0
2026-08-24,-1085.0,0.0,-1085.0,0.0,2147.7048391534,1062.7048391534,0.00035423494638446665,56572.0
2026-08-25,-331.0,0.0,-331.0,0.0,1649.41130235405,1318.41130235405,0.0004394704341180166,50389.0
2026-08-26,3700.0,0.0,3700.0,0.0,490.60898416215,4190.60898416215,0.0013968696613873832,80456.0
2026-08-27,2230.0,0.0,2230.0,0.0,58.40197571555,2288.40197571555,0.00076280065857185,50824.0
2026-08-28,375.0,0.0,375.0,0.0,1075.30464557915,1450.30464557915,0.0004834348818597167,51138.0
2026-08-31,-1354.0,0.0,-1354.0,0.0,3648.2922641348,2294.2922641348,0.0007647640880449333,40810.0
2026-09-01,-2035.0,0.0,-2035.0,0.0,1051.16719638865,-983.8328036113501,-0.00032794426787045004,56362.0
2026-09-02,-616.0,0.0,-616.0,0.0,1121.7946171376002,505.7946171376002,0.0001685982057125334,35416.0
2026-09-03,393.0,0.0,393.0,0.0,-1583.73895378795,-1190.73895378795,-0.0003969129845959834,40238.0
2026-09-04,4575.0,0.0,4575.0,0.0,515.3498653239,5090.3498653239,0.0016967832884413,40364.0
2026-09-07,4800.0,0.0,4800.0,0.0,192.13934874974998,4992.13934874975,0.00166404644958325,41166.0
2026-09-08,1725.0,0.0,1725.0,0.0,-556.3547153571,1168.6452846429002,0.00038954842821430004,41856.0
